{
  "info": {
    "name": "DGPL Secure API",
    "_postman_id": "d0a0b9b8-9b1e-4f87-9a5b-ctf-dgpl",
    "schema": "https://schema.getpostman.com/json/collection/v2.1.0/collection.json"
  },
  "item": [
    {
      "name": "Register",
      "request": {
        "method": "POST",
        "header": [
          {
            "key": "Content-Type",
            "value": "application/json"
          }
        ],
        "url": {
          "raw": "http://127.0.0.1:8000/register",
          "protocol": "http",
          "host": [
            "127",
            "0",
            "0",
            "1"
          ],
          "port": "8000",
          "path": [
            "register"
          ]
        },
        "body": {
          "mode": "raw",
          "raw": "{\"email\": \"alice@example.com\", \"password\": \"StrongPassw0rd!\"}"
        }
      }
    },
    {
      "name": "Login",
      "request": {
        "method": "POST",
        "header": [
          {
            "key": "Content-Type",
            "value": "application/json"
          }
        ],
        "url": {
          "raw": "http://127.0.0.1:8000/login",
          "protocol": "http",
          "host": [
            "127",
            "0",
            "0",
            "1"
          ],
          "port": "8000",
          "path": [
            "login"
          ]
        },
        "body": {
          "mode": "raw",
          "raw": "{\"email\": \"alice@example.com\", \"password\": \"StrongPassw0rd!\"}"
        }
      }
    },
    {
      "name": "Profile",
      "request": {
        "method": "GET",
        "header": [
          {
            "key": "Authorization",
            "value": "Bearer {{access_token}}"
          }
        ],
        "url": {
          "raw": "http://127.0.0.1:8000/profile",
          "protocol": "http",
          "host": [
            "127",
            "0",
            "0",
            "1"
          ],
          "port": "8000",
          "path": [
            "profile"
          ]
        }
      }
    }
  ],
  "variable": [
    {
      "key": "access_token",
      "value": ""
    }
  ]
}